Delta,Time,CORE0_ENERGY (J),CORE0_FREQ (MHZ),CORE0_PSTATE,CORE0_VOLT (V),CORE1_ENERGY (J),CORE1_FREQ (MHZ),CORE1_PSTATE,CORE1_VOLT (V),CORE2_ENERGY (J),CORE2_FREQ (MHZ),CORE2_PSTATE,CORE2_VOLT (V),CORE3_ENERGY (J),CORE3_FREQ (MHZ),CORE3_PSTATE,CORE3_VOLT (V),CORE4_ENERGY (J),CORE4_FREQ (MHZ),CORE4_PSTATE,CORE4_VOLT (V),CORE5_ENERGY (J),CORE5_FREQ (MHZ),CORE5_PSTATE,CORE5_VOLT (V),CORE6_ENERGY (J),CORE6_FREQ (MHZ),CORE6_PSTATE,CORE6_VOLT (V),CORE7_ENERGY (J),CORE7_FREQ (MHZ),CORE7_PSTATE,CORE7_VOLT (V),CPU_ENERGY (J),CPU_FREQUENCY_0,CPU_FREQUENCY_1,CPU_FREQUENCY_10,CPU_FREQUENCY_11,CPU_FREQUENCY_12,CPU_FREQUENCY_13,CPU_FREQUENCY_14,CPU_FREQUENCY_15,CPU_FREQUENCY_2,CPU_FREQUENCY_3,CPU_FREQUENCY_4,CPU_FREQUENCY_5,CPU_FREQUENCY_6,CPU_FREQUENCY_7,CPU_FREQUENCY_8,CPU_FREQUENCY_9,CPU_USAGE_0,CPU_USAGE_1,CPU_USAGE_10,CPU_USAGE_11,CPU_USAGE_12,CPU_USAGE_13,CPU_USAGE_14,CPU_USAGE_15,CPU_USAGE_2,CPU_USAGE_3,CPU_USAGE_4,CPU_USAGE_5,CPU_USAGE_6,CPU_USAGE_7,CPU_USAGE_8,CPU_USAGE_9,TOTAL_MEMORY,TOTAL_SWAP,USED_MEMORY,USED_SWAP
0,1745247125786,13429.449127197266,2200,2,0.85,7284.534912109375,2200,2,0.85,6051.245132446289,2200,2,0.85,5990.2958984375,2200,2,0.85,18827.715270996094,2200,2,0.85,5379.156051635742,2200,2,0.85,4983.205917358398,2200,2,0.85,5967.532150268555,2200,2,0.85,61591.958984375,2128,2094,2128,3182,1890,3188,1935,2195,2115,2015,1992,2195,1886,2128,2176,1896,0,0,10.714285850524902,0,0,3.4482758045196533,0,6.6666669845581055,3.4482758045196533,3.5714287757873535,6.896551609039307,3.5714287757873535,3.4482758045196533,3.5714287757873535,6.896551609039307,3.4482758045196533,16665837568,4294963200,1154437120,0
1000,1745247125787,13429.449493408203,2200,2,0.85,7284.535079956055,2200,2,0.85,6051.248458862305,2200,2,0.85,5990.296051025391,2200,2,0.85,18827.715423583984,2200,2,0.85,5379.156173706055,2200,2,0.85,4983.206954956055,2200,2,0.85,5967.5333251953125,2200,2,0.85,61591.971450805664,2128,2094,2128,3182,1890,3188,1935,2195,2115,2015,1992,2195,1886,2128,2176,1896,0,0,10.714285850524902,0,0,3.4482758045196533,0,6.6666669845581055,3.4482758045196533,3.5714287757873535,6.896551609039307,3.5714287757873535,3.4482758045196533,3.5714287757873535,6.896551609039307,3.4482758045196533,16665837568,4294963200,1154437120,0
1000,1745247126787,13429.451416015625,2000,2,0.96875,7284.536895751953,3000,2,0.96875,6051.25602722168,2000,2,0.96875,5990.298233032227,2000,2,0.96875,18827.71728515625,2200,2,0.96875,5379.158279418945,2200,2,0.96875,4983.211242675781,2200,2,0.96875,5967.555648803711,2200,2,0.96875,61598.299057006836,2128,2094,2128,3182,1890,3188,1935,2195,2115,2015,1992,2195,1886,2128,2176,1896,0,0,0.9900990128517151,0,0,0,0,0,0,0,0,0,0,0.9803922176361084,0,0,16665837568,4294963200,1153130496,0
999,1745247127788,13429.455673217773,2200,2,0.825,7284.541427612305,2200,2,0.825,6051.263229370117,2200,2,0.825,5990.301940917969,2200,2,0.825,18827.72184753418,2200,2,0.85,5379.16291809082,2200,2,0.85,4983.217422485352,2200,2,0.85,5967.559478759766,2200,2,0.85,61604.451919555664,2128,2094,2128,3182,1890,3188,1935,2195,2115,2015,1992,2195,1886,2128,2176,1896,0.9900990128517151,0,0,0,0,0,0,0,0,0,0,0,0,0,0,0,16665837568,4294963200,1153130496,0
1000,1745247128788,13429.459396362305,2200,2,0.825,7284.548095703125,2200,2,0.825,6051.267013549805,2200,2,0.85,5990.305084228516,2200,2,0.85,18827.723602294922,2200,2,0.85,5379.166107177734,2200,2,0.85,4983.22053527832,2200,2,0.85,5967.563171386719,2200,2,0.85,61610.5877532959,2128,2094,2128,3182,1890,3188,1935,2195,2115,2015,1992,2195,1886,2128,2176,1896,0,0,0,0,0,0,0,0,0,0,0,0,0,0,0,0,16665837568,4294963200,1150205952,0
1000,1745247129788,13429.461990356445,2200,2,0.91875,7284.55339050293,2200,2,0.91875,6051.272247314453,2200,2,0.91875,5990.306991577148,2200,2,0.91875,18827.72621154785,2200,2,0.91875,5379.1688232421875,2200,2,0.91875,4983.224563598633,2200,2,0.86875,5967.5679931640625,2200,2,0.86875,61616.675231933594,2128,2094,2128,3182,1890,3188,1935,2195,2115,2015,1992,2195,1886,2128,2176,1896,0,0,0,0,0,0,0,0,0,0,0,0,0,0,0,0,16665837568,4294963200,1149997056,0
1000,1745247130789,13429.463958740234,2000,2,0.9625,7284.556289672852,3000,2,0.9625,6051.278594970703,2000,2,0.9625,5990.308563232422,2000,2,0.9625,18827.727661132813,2200,2,0.9625,5379.170257568359,2200,2,0.9625,4983.225982666016,2200,2,0.9625,5967.570083618164,2200,2,0.9625,61622.72717285156,2128,2094,2128,3182,1890,3188,1935,2195,2115,2015,1992,2195,1886,2128,2176,1896,0,0.9900990128517151,0,0,0,0,0,0,0,0,0,0,0,0,0,0,16665837568,4294963200,1149095936,0
1000,1745247131789,13429.469833374023,2200,2,0.81875,7284.5595703125,2200,2,0.81875,6051.282470703125,2200,2,0.81875,5990.311019897461,2200,2,0.81875,18827.73211669922,2200,2,0.85,5379.172760009766,2200,2,0.85,4983.231369018555,2200,2,0.85,5967.576278686523,2200,2,0.85,61628.884368896484,2128,2094,2128,3182,1890,3188,1935,2195,2115,2015,1992,2195,1886,2128,2176,1896,0,0,0,0,0,0,0,0,0,0,0,0,0,0,0,0,16665837568,4294963200,1148313600,0
1000,1745247132790,13429.475509643555,2000,2,0.9625,7284.562881469727,3000,2,0.9625,6051.289398193359,2000,2,0.9625,5990.3138427734375,2000,2,0.9625,18827.734924316406,2200,2,0.9625,5379.176742553711,2200,2,0.9625,4983.235794067383,2200,2,0.93125,5967.579696655273,2200,2,0.93125,61635.01426696777,2128,2094,2128,3182,1890,3188,1935,2195,2115,2015,1992,2195,1886,2128,2176,1896,0,0,0,0,0,0,0,0,0,0,0,0,0,0,0,0,16665837568,4294963200,1145987072,0
1000,1745247133790,13429.480514526367,2200,2,0.81875,7284.565048217773,2200,2,0.81875,6051.292572021484,2200,2,0.85,5990.315170288086,2200,2,0.85,18827.736557006836,2200,2,0.85,5379.17839050293,2200,2,0.85,4983.237808227539,2200,2,0.85,5967.581390380859,2200,2,0.85,61641.040130615234,2128,2094,2128,3182,1890,3188,1935,2195,2115,2015,1992,2195,1886,2128,2176,1896,0,0,0,0,0,0,0,0,0,0,0,0,0,0,0,0,16665837568,4294963200,1144492032,0
1000,1745247134791,13429.482223510742,2133.333333333333,2,0.95625,7284.569381713867,3200,1,0.95625,6051.29460144043,2133.333333333333,2,0.95625,5990.316925048828,2133.333333333333,2,0.95625,18827.738021850586,2200,2,0.95625,5379.1802978515625,2200,2,0.95625,4983.239227294922,2200,2,0.95625,5967.583236694336,2200,2,0.95625,61647.06645202637,2128,2094,2128,3182,1890,3188,1935,2195,2115,2015,1992,2195,1886,2128,2176,1896,0,0,0,0,0,0,0,0,0,0,0,0,0,0,0,0,16665837568,4294963200,1143156736,0
1000,1745247135791,13429.490188598633,2200,2,0.85,7284.578460693359,2200,2,0.85,6051.299835205078,2200,2,0.85,5990.320251464844,2200,2,0.85,18827.743194580078,2200,2,0.85,5379.184310913086,2200,2,0.85,4983.24577331543,2200,2,0.85,5967.587615966797,2200,2,0.85,61653.196060180664,2128,2094,2128,3182,1890,3188,1935,2195,2115,2015,1992,2195,1886,2128,2176,1896,0,0,0,0,0,0,0,0,0,0,0,0,0,0,0,0,16665837568,4294963200,1141342208,0
1000,1745247136792,13429.494323730469,2133.333333333333,2,0.8875,7284.581832885742,3200,1,0.8875,6051.303375244141,2133.333333333333,2,0.8875,5990.325729370117,2133.333333333333,2,0.8875,18827.746170043945,2200,2,0.9625,5379.187896728516,2200,2,0.9625,4983.248718261719,2200,2,0.9625,5967.590682983398,2200,2,0.9625,61659.357833862305,2128,2094,2128,3182,1890,3188,1935,2195,2115,2015,1992,2195,1886,2128,2176,1896,0,0,0,0,0,0,0,0,0,0,0,0,0,0,0,0,16665837568,4294963200,1138987008,0
1000,1745247137792,13429.49917602539,2200,2,0.84375,7284.588851928711,2200,2,0.84375,6051.30712890625,2200,2,0.84375,5990.329681396484,2200,2,0.84375,18827.74967956543,2200,2,0.84375,5379.191513061523,2200,2,0.84375,4983.252990722656,2200,2,0.84375,5967.597427368164,2200,2,0.85,61665.46615600586,2128,2094,2128,3182,1890,3188,1935,2195,2115,2015,1992,2195,1886,2128,2176,1896,0.9900990128517151,0,0,0,0,0,0,0,0,0,0,0,0,0,0,0,16665837568,4294963200,1138012160,0
1000,1745247138793,13429.504028320313,2133.333333333333,2,0.8875,7284.591522216797,3200,1,0.8875,6051.3089599609375,2133.333333333333,2,0.96875,5990.330963134766,2133.333333333333,2,0.96875,18827.7509765625,2200,2,0.96875,5379.192916870117,2200,2,0.96875,4983.254165649414,2200,2,0.96875,5967.598876953125,2200,2,0.96875,61671.47775268555,2128,2094,2128,3182,1890,3188,1935,2195,2115,2015,1992,2195,1886,2128,2176,1896,0,0,0,0,0,0,0,0,0,0,0,0,0,0,0,0,16665837568,4294963200,1138012160,0
1000,1745247139793,13429.507797241211,2200,2,0.84375,7284.598815917969,2200,2,0.84375,6051.316986083984,2200,2,0.84375,5990.333755493164,2200,2,0.84375,18827.754989624023,2200,2,0.84375,5379.196197509766,2200,2,0.84375,4983.262359619141,2200,2,0.88125,5967.607238769531,2200,2,0.88125,61677.636795043945,2128,2094,2128,3182,1890,3188,1935,2195,2115,2015,1992,2195,1886,2128,2176,1896,0,0,0,0,0,0,0,0,0,0,0,0,0,0,0,0,16665837568,4294963200,1137160192,0
1000,1745247140793,13429.510467529297,2133.333333333333,2,0.89375,7284.604049682617,3200,1,0.89375,6051.321441650391,2133.333333333333,2,0.89375,5990.336471557617,2133.333333333333,2,0.89375,18827.75733947754,2200,2,0.89375,5379.199279785156,2200,2,0.89375,4983.266387939453,2200,2,0.96875,5967.611724853516,2200,2,0.96875,61683.75991821289,2128,2094,2128,3182,1890,3188,1935,2195,2115,2015,1992,2195,1886,2128,2176,1896,0,0,0,0,0,0,0,0,0,0,0,0,0,0,0,0,16665837568,4294963200,1136136192,0
1000,1745247141794,13429.512664794922,2200,2,0.84375,7284.614562988281,2200,2,0.84375,6051.3240966796875,2200,2,0.84375,5990.33805847168,2200,2,0.84375,18827.75944519043,2200,2,0.81875,5379.2010498046875,2200,2,0.81875,4983.268646240234,2200,2,0.81875,5967.613800048828,2200,2,0.81875,61689.83947753906,2128,2094,2128,3182,1890,3188,1935,2195,2115,2015,1992,2195,1886,2128,2176,1896,0,0,0,0,0,0,0,0,0,0,0,0,0,0,0,0,16665837568,4294963200,1135390720,0
1000,1745247142794,13429.514465332031,2133.333333333333,2,0.91875,7284.618545532227,3200,1,0.91875,6051.326354980469,2133.333333333333,2,0.91875,5990.340026855469,2133.333333333333,2,0.91875,18827.76107788086,2200,2,0.91875,5379.202865600586,2200,2,0.9625,4983.270492553711,2200,2,0.9625,5967.61784362793,2200,2,0.9625,61695.883239746094,2128,2094,2128,3182,1890,3188,1935,2195,2115,2015,1992,2195,1886,2128,2176,1896,0,0,0,0,0,0,0,0,0,0,0,0,0,0,0,0,16665837568,4294963200,1134493696,0
1000,1745247143795,13429.516494750977,2200,2,0.81875,7284.628692626953,2200,2,0.81875,6051.330108642578,2200,2,0.81875,5990.342590332031,2200,2,0.81875,18827.765014648438,2200,2,0.85,5379.209930419922,2200,2,0.85,4983.278015136719,2200,2,0.85,5967.624557495117,2200,2,0.85,61702.030044555664,2128,2094,2128,3182,1890,3188,1935,2195,2115,2015,1992,2195,1886,2128,2176,1896,0,0,0,0,0,0,0,0,0,0,0,0,0,0,0,0,16665837568,4294963200,1133842432,0
1000,1745247144795,13429.518951416016,2133.333333333333,2,0.91875,7284.637054443359,3200,1,0.91875,6051.332763671875,2133.333333333333,2,0.9625,5990.344635009766,2133.333333333333,2,0.9625,18827.766983032227,2200,2,0.9625,5379.214218139648,2200,2,0.9625,4983.280303955078,2200,2,0.9625,5967.626815795898,2200,2,0.9625,61708.10676574707,2128,2094,2128,3182,1890,3188,1935,2195,2115,2015,1992,2195,1886,2128,2176,1896,0,0,0,0,0,0,0,0,0,0,0,0,0,0,0,0,16665837568,4294963200,1133060096,0
1000,1745247145796,13429.52084350586,2200,2,0.81875,7284.645446777344,2200,2,0.81875,6051.335556030273,2200,2,0.85,5990.347259521484,2200,2,0.85,18827.769912719727,2200,2,0.85,5379.2171630859375,2200,2,0.85,4983.283447265625,2200,2,0.85,5967.628997802734,2200,2,0.85,61714.1545715332,2128,2094,2128,3182,1890,3188,1935,2195,2115,2015,1992,2195,1886,2128,2176,1896,0,0.9900990128517151,0,0,0,0,0,0,0,0,0,0,0,0,0,0,16665837568,4294963200,1132822528,0
1000,1745247146796,13429.522415161133,2133.333333333333,2,0.95625,7284.6500244140625,3200,1,0.95625,6051.33757019043,2133.333333333333,2,0.95625,5990.3489990234375,2133.333333333333,2,0.95625,18827.77149963379,2200,2,0.95625,5379.2188720703125,2200,2,0.95625,4983.284805297852,2200,2,0.95625,5967.632110595703,2200,2,0.95625,61720.18672180176,2128,2094,2128,3182,1890,3188,1935,2195,2115,2015,1992,2195,1886,2128,2176,1896,0,0,0,0,0,0,0,0,0,0,0,0,0,0,0,0,16665837568,4294963200,1132822528,0
1000,1745247147797,13429.524215698242,2200,2,0.83125,7284.658157348633,2200,2,0.85,6051.344345092773,2200,2,0.85,5990.351531982422,2200,2,0.85,18827.776245117188,2200,2,0.85,5379.221969604492,2200,2,0.85,4983.291488647461,2200,2,0.85,5967.63444519043,2200,2,0.85,61726.31575012207,2128,2094,2128,3182,1890,3188,1935,2195,2115,2015,1992,2195,1886,2128,2176,1896,0,0,0,0,0,0,0,0,0,0,0,0,0,0,0,0,16665837568,4294963200,1132822528,0
1000,1745247148797,13429.526748657227,2133.333333333333,2,0.94375,7284.663955688477,3200,1,0.94375,6051.347229003906,2133.333333333333,2,0.94375,5990.354049682617,2133.333333333333,2,0.94375,18827.77882385254,2200,2,0.94375,5379.224990844727,2200,2,0.94375,4983.296112060547,2200,2,0.94375,5967.638626098633,2200,2,0.94375,61732.424057006836,2128,2094,2128,3182,1890,3188,1935,2195,2115,2015,1992,2195,1886,2128,2176,1896,0,0,0,0,0,0,0,0,0,0,0,0,0,0,0,0,16665837568,4294963200,1132138496,0
1000,1745247149798,13429.529190063477,2200,2,0.85,7284.673828125,2200,2,0.85,6051.350967407227,2200,2,0.85,5990.356842041016,2200,2,0.85,18827.78303527832,2200,2,0.85,5379.229400634766,2200,2,0.85,4983.29931640625,2200,2,0.85,5967.642852783203,2200,2,0.85,61738.536041259766,2128,2094,2128,3182,1890,3188,1935,2195,2115,2015,1992,2195,1886,2128,2176,1896,0,0,0,0,0,0,0,0,0,0,0,0,0,0,0,0,16665837568,4294963200,1132122112,0
1000,1745247150798,13429.532135009766,2133.333333333333,2,0.8875,7284.678405761719,3200,1,0.8875,6051.354705810547,2133.333333333333,2,0.8875,5990.362487792969,2133.333333333333,2,0.8875,18827.78562927246,2200,2,0.8875,5379.231918334961,2200,2,0.8875,4983.302871704102,2200,2,0.8875,5967.645126342773,2200,2,0.9625,61744.6202545166,2128,2094,2128,3182,1890,3188,1935,2195,2115,2015,1992,2195,1886,2128,2176,1896,0,0,0,0,0,0,0,0,0,0,0,0,0,0,0,0,16665837568,4294963200,1131646976,0
1000,1745247151799,13429.537826538086,2200,2,0.85,7284.682464599609,2200,2,0.85,6051.356872558594,2200,2,0.85,5990.364013671875,2200,2,0.85,18827.78823852539,2200,2,0.85,5379.234237670898,2200,2,0.85,4983.305892944336,2200,2,0.85,5967.647506713867,2200,2,0.85,61750.67979431152,2128,2094,2128,3182,1890,3188,1935,2195,2115,2015,1992,2195,1886,2128,2176,1896,0,0.9900990128517151,0,0,0,0,0,0,0,0,0,0,0,0,0,0,16665837568,4294963200,1131646976,0
1000,1745247152799,13429.544372558594,2133.333333333333,2,0.8875,7284.685562133789,3200,1,0.8875,6051.360061645508,2133.333333333333,2,0.9625,5990.366760253906,2133.333333333333,2,0.9625,18827.79083251953,2200,2,0.9625,5379.237487792969,2200,2,0.9625,4983.308624267578,2200,2,0.9625,5967.650329589844,2200,2,0.9625,61756.75277709961,2128,2094,2128,3182,1890,3188,1935,2195,2115,2015,1992,2195,1886,2128,2176,1896,0,0,0,0,0,0,0,0,0,0,0,0,0,0,0,0,16665837568,4294963200,1131646976,0
1000,1745247153800,13429.545989990234,2200,2,0.84375,7284.691558837891,2200,2,0.84375,6051.362152099609,2200,2,0.84375,5990.368240356445,2200,2,0.84375,18827.792587280273,2200,2,0.84375,5379.2391357421875,2200,2,0.84375,4983.310485839844,2200,2,0.89375,5967.651824951172,2200,2,0.89375,61762.77690124512,2128,2094,2128,3182,1890,3188,1935,2195,2115,2015,1992,2195,1886,2128,2176,1896,0,0,0,0,0,0,0,0,0,0,0,0,0,0,0,0,16665837568,4294963200,1131646976,0
1000,1745247154800,13429.547821044922,2133.333333333333,2,0.9,7284.697677612305,3200,1,0.9,6051.364471435547,2133.333333333333,2,0.9,5990.369979858398,2133.333333333333,2,0.9,18827.795532226563,2200,2,0.9,5379.240936279297,2200,2,0.9,4983.312408447266,2200,2,0.9625,5967.656036376953,2200,2,0.9625,61768.85269165039,2128,2094,2128,3182,1890,3188,1935,2195,2115,2015,1992,2195,1886,2128,2176,1896,0,0,0,0,0,0,0,0,0,0,0,0,0,0,0,0,16665837568,4294963200,1131646976,0
1000,1745247155800,13429.549545288086,2200,2,0.84375,7284.706085205078,2200,2,0.84375,6051.367721557617,2200,2,0.84375,5990.372467041016,2200,2,0.84375,18827.80012512207,2200,2,0.88125,5379.244201660156,2200,2,0.88125,4983.317428588867,2200,2,0.88125,5967.660171508789,2200,2,0.88125,61774.93687438965,2128,2094,2128,3182,1890,3188,1935,2195,2115,2015,1992,2195,1886,2128,2176,1896,0,0,0,0,0,0,0,0,0,0,0,0,0,0,0,0,16665837568,4294963200,1131646976,0
1000,1745247156801,13429.552352905273,2133.333333333333,2,0.91875,7284.714630126953,3200,1,0.91875,6051.370834350586,2133.333333333333,2,0.91875,5990.374862670898,2133.333333333333,2,0.91875,18827.802520751953,2200,2,0.9625,5379.247314453125,2200,2,0.9625,4983.322280883789,2200,2,0.9625,5967.663070678711,2200,2,0.9625,61781.024826049805,2128,2094,2128,3182,1890,3188,1935,2195,2115,2015,1992,2195,1886,2128,2176,1896,0,0,0,0,0,0,0,0,0,0,0,0,0,0,0,0,16665837568,4294963200,1131646976,0
1000,1745247157802,13429.554107666016,2200,2,0.81875,7284.7225341796875,2200,2,0.81875,6051.373794555664,2200,2,0.85,5990.377105712891,2200,2,0.85,18827.80503845215,2200,2,0.85,5379.250061035156,2200,2,0.85,4983.325607299805,2200,2,0.85,5967.664855957031,2200,2,0.85,61787.10836791992,2128,2094,2128,3182,1890,3188,1935,2195,2115,2015,1992,2195,1886,2128,2176,1896,0,0,0,0,0,0,0,0,0,0,0,0,0,0,0,0,16665837568,4294963200,1131646976,0
1000,1745247158802,13429.555603027344,2133.333333333333,2,0.9125,7284.728561401367,3200,1,0.9125,6051.376312255859,2133.333333333333,2,0.95625,5990.378707885742,2133.333333333333,2,0.95625,18827.806549072266,2200,2,0.95625,5379.252532958984,2200,2,0.95625,4983.327209472656,2200,2,0.95625,5967.666809082031,2200,2,0.95625,61793.13572692871,2128,2094,2128,3182,1890,3188,1935,2195,2115,2015,1992,2195,1886,2128,2176,1896,0,0,0,0,0,0,0,0,0,0,0,0,0,0,0,0,16665837568,4294963200,1131646976,0
1000,1745247159802,13429.557083129883,2200,2,0.81875,7284.735534667969,2200,2,0.81875,6051.378021240234,2200,2,0.85,5990.379852294922,2200,2,0.85,18827.809829711914,2200,2,0.85,5379.255187988281,2200,2,0.85,4983.330703735352,2200,2,0.85,5967.6690673828125,2200,2,0.85,61799.231048583984,2128,2094,2128,3182,1890,3188,1935,2195,2115,2015,1992,2195,1886,2128,2176,1896,0,1,0,0,0,0,0,0,0,0,0,0,0,0,0,0,16665837568,4294963200,1131646976,0
1000,1745247160803,13429.559860229492,2133.333333333333,2,0.9625,7284.743225097656,3200,1,0.9625,6051.381774902344,2133.333333333333,2,0.9625,5990.382675170898,2133.333333333333,2,0.9625,18827.812591552734,2200,2,0.9625,5379.258560180664,2200,2,0.9625,4983.3350830078125,2200,2,0.9625,5967.673858642578,2200,2,0.9625,61805.326171875,2128,2094,2128,3182,1890,3188,1935,2195,2115,2015,1992,2195,1886,2128,2176,1896,0,0,0,0,0,0,0,0,0,0,0,0,0,0,0,0,16665837568,4294963200,1131646976,0
1000,1745247161803,13429.561630249023,2200,2,0.85,7284.750045776367,2200,2,0.85,6051.383697509766,2200,2,0.85,5990.384140014648,2200,2,0.85,18827.81446838379,2200,2,0.85,5379.260269165039,2200,2,0.85,4983.337005615234,2200,2,0.85,5967.677536010742,2200,2,0.85,61811.35891723633,2128,2094,2128,3182,1890,3188,1935,2195,2115,2015,1992,2195,1886,2128,2176,1896,0,0,0,0,0,0,0,0,0,0,0,0,0,0,0,0,16665837568,4294963200,1131646976,0
1000,1745247162804,13429.563049316406,2133.333333333333,2,0.8875,7284.754089355469,3200,1,0.8875,6051.385833740234,2133.333333333333,2,0.8875,5990.385696411133,2133.333333333333,2,0.8875,18827.815979003906,2200,2,0.8875,5379.261978149414,2200,2,0.8875,4983.338638305664,2200,2,0.8875,5967.679382324219,2200,2,0.8875,61817.3483581543,2128,2094,2128,3182,1890,3188,1935,2195,2115,2015,1992,2195,1886,2128,2176,1896,0,0,0,0,0,0,0,0,0,0,0,0,0,0,0,0,16665837568,4294963200,1131646976,0
1000,1745247163804,13429.565017700195,2200,2,0.84375,7284.762130737305,2200,2,0.84375,6051.38883972168,2200,2,0.84375,5990.388214111328,2200,2,0.84375,18827.8204498291,2200,2,0.84375,5379.265823364258,2200,2,0.84375,4983.342254638672,2200,2,0.84375,5967.68147277832,2200,2,0.84375,61823.42013549805,2128,2094,2128,3182,1890,3188,1935,2195,2115,2015,1992,2195,1886,2128,2176,1896,0,0,0,0,0,0,0,0,0,0,0,0,0,0,0,0.9900990128517151,16665837568,4294963200,1131646976,0
1000,1745247164805,13429.567565917969,2133.333333333333,2,0.8875,7284.768081665039,3200,1,0.8875,6051.391296386719,2133.333333333333,2,0.8875,5990.390533447266,2133.333333333333,2,0.8875,18827.822845458984,2200,2,0.8875,5379.268249511719,2200,2,0.8875,4983.3446044921875,2200,2,0.8875,5967.686294555664,2200,2,0.8875,61829.529861450195,2128,2094,2128,3182,1890,3188,1935,2195,2115,2015,1992,2195,1886,2128,2176,1896,0,0.9900990128517151,0,0,0,0,0,0,0,0,0,0,0,0,0,0,16665837568,4294963200,1131646976,0
1000,1745247165805,13429.56999206543,2200,2,0.84375,7284.779006958008,2200,2,0.84375,6051.394515991211,2200,2,0.84375,5990.393356323242,2200,2,0.84375,18827.825927734375,2200,2,0.84375,5379.271530151367,2200,2,0.84375,4983.347946166992,2200,2,0.875,5967.688461303711,2200,2,0.875,61835.580642700195,2128,2094,2128,3182,1890,3188,1935,2195,2115,2015,1992,2195,1886,2128,2176,1896,0,0,0,0,0,0,0,0,0,0,0,0,0,0,0,0,16665837568,4294963200,1131638784,0
1000,1745247166806,13429.572250366211,2133.333333333333,2,0.8875,7284.784332275391,3200,1,0.8875,6051.39729309082,2133.333333333333,2,0.8875,5990.395614624023,2133.333333333333,2,0.8875,18827.828247070313,2200,2,0.8875,5379.275573730469,2200,2,0.9625,4983.350036621094,2200,2,0.9625,5967.691619873047,2200,2,0.9625,61841.62382507324,2128,2094,2128,3182,1890,3188,1935,2195,2115,2015,1992,2195,1886,2128,2176,1896,0,0,0,0,0,0,0,0,0,0,0,0,0,0,0,0,16665837568,4294963200,1131638784,0
1000,1745247167806,13429.578689575195,2200,2,0.85,7284.792739868164,2200,2,0.85,6051.402725219727,2200,2,0.85,5990.399673461914,2200,2,0.85,18827.835723876953,2200,2,0.85,5379.2821044921875,2200,2,0.89375,4983.358261108398,2200,2,0.89375,5967.697860717773,2200,2,0.89375,61847.75584411621,2128,2094,2128,3182,1890,3188,1935,2195,2115,2015,1992,2195,1886,2128,2176,1896,0,0,0,0,0,0,0,0,0,0,0,0,0,0,0,0,16665837568,4294963200,1131638784,0
1000,1745247168807,13429.586822509766,2133.333333333333,2,0.9625,7284.795837402344,3200,1,0.9625,6051.405685424805,2133.333333333333,2,0.9625,5990.401824951172,2133.333333333333,2,0.9625,18827.83804321289,2200,2,0.9625,5379.285491943359,2200,2,0.9625,4983.36198425293,2200,2,0.9625,5967.700531005859,2200,2,0.9625,61853.835510253906,2128,2094,2128,3182,1890,3188,1935,2195,2115,2015,1992,2195,1886,2128,2176,1896,0,0,0,0,0,0,0,0,0,0,0,0,0,0,0,0,16665837568,4294963200,1131638784,0
1000,1745247169807,13429.591232299805,2200,2,0.81875,7284.798080444336,2200,2,0.81875,6051.407928466797,2200,2,0.81875,5990.403244018555,2200,2,0.81875,18827.839813232422,2200,2,0.85,5379.287246704102,2200,2,0.85,4983.363830566406,2200,2,0.85,5967.7017822265625,2200,2,0.85,61859.84150695801,2128,2094,2128,3182,1890,3188,1935,2195,2115,2015,1992,2195,1886,2128,2176,1896,0,0,0,0,0,0,0,0,0,0,0,0,0,0,0,0,16665837568,4294963200,1131638784,0
1000,1745247170808,13429.597702026367,2133.333333333333,2,0.9625,7284.799880981445,3200,1,0.9625,6051.410018920898,2133.333333333333,2,0.9625,5990.404602050781,2133.333333333333,2,0.9625,18827.84114074707,2200,2,0.9625,5379.289108276367,2200,2,0.9625,4983.365280151367,2200,2,0.9625,5967.703414916992,2200,2,0.9625,61865.85459899902,2128,2094,2128,3182,1890,3188,1935,2195,2115,2015,1992,2195,1886,2128,2176,1896,0,0,0,0,0,0,0,0,0,0,0,0,0,0,0,0,16665837568,4294963200,1131638784,0
1000,1745247171808,13429.600616455078,2200,2,0.81875,7284.807312011719,2200,2,0.81875,6051.413009643555,2200,2,0.81875,5990.406051635742,2200,2,0.85,18827.845260620117,2200,2,0.85,5379.290832519531,2200,2,0.85,4983.370819091797,2200,2,0.85,5967.706939697266,2200,2,0.85,61871.893814086914,2128,2094,2128,3182,1890,3188,1935,2195,2115,2015,1992,2195,1886,2128,2176,1896,0.9900990128517151,0,0,0,0,0,0,0,0,0,0,0,0,0,0,0,16665837568,4294963200,1131638784,0
1000,1745247172808,13429.603332519531,2133.333333333333,2,0.95625,7284.8140869140625,3200,1,0.95625,6051.416061401367,2133.333333333333,2,0.95625,5990.408279418945,2133.333333333333,2,0.95625,18827.84815979004,2200,2,0.95625,5379.295364379883,2200,2,0.95625,4983.374923706055,2200,2,0.95625,5967.712326049805,2200,2,0.95625,61878.00407409668,2128,2094,2128,3182,1890,3188,1935,2195,2115,2015,1992,2195,1886,2128,2176,1896,0,0,0,0,0,0,0,0,0,0,0,0,0,0,0,0,16665837568,4294963200,1131638784,0
1000,1745247173809,13429.605255126953,2200,2,0.85,7284.823104858398,2200,2,0.85,6051.419586181641,2200,2,0.85,5990.4111328125,2200,2,0.85,18827.8516998291,2200,2,0.85,5379.2984619140625,2200,2,0.85,4983.378433227539,2200,2,0.85,5967.715866088867,2200,2,0.85,61884.047607421875,2128,2094,2128,3182,1890,3188,1935,2195,2115,2015,1992,2195,1886,2128,2176,1896,0,0,0,0,0,0,0,0,0,0,0,0,0,0,0,0,16665837568,4294963200,1131606016,0
1000,1745247174809,13429.606979370117,2133.333333333333,2,0.975,7284.829391479492,3200,1,0.975,6051.422332763672,2133.333333333333,2,0.975,5990.413375854492,2133.333333333333,2,0.975,18827.85336303711,2200,2,0.975,5379.300369262695,2200,2,0.975,4983.380310058594,2200,2,0.975,5967.71760559082,2200,2,0.975,61890.070724487305,2128,2094,2128,3182,1890,3188,1935,2195,2115,2015,1992,2195,1886,2128,2176,1896,0,0.9900990128517151,0,0,0,0,0,0,0,0,0,0,0,0,0,0,16665837568,4294963200,1131606016,0
1000,1745247175810,13429.608520507813,2200,2,0.85,7284.838134765625,2200,2,0.85,6051.425399780273,2200,2,0.85,5990.415664672852,2200,2,0.85,18827.857818603516,2200,2,0.85,5379.302688598633,2200,2,0.85,4983.384857177734,2200,2,0.85,5967.719436645508,2200,2,0.85,61896.132385253906,2128,2094,2128,3182,1890,3188,1935,2195,2115,2015,1992,2195,1886,2128,2176,1896,0,0,0,0,0,0,0,0,0,0,0,0,0,0,0,0,16665837568,4294963200,1131606016,0
1000,1745247176810,13429.611038208008,2133.333333333333,2,0.8875,7284.842926025391,3200,1,0.8875,6051.428421020508,2133.333333333333,2,0.8875,5990.417831420898,2133.333333333333,2,0.8875,18827.86001586914,2200,2,0.8875,5379.304992675781,2200,2,0.8875,4983.388656616211,2200,2,0.8875,5967.722061157227,2200,2,0.8875,61902.16737365723,2128,2094,2128,3182,1890,3188,1935,2195,2115,2015,1992,2195,1886,2128,2176,1896,0,0,0,0,0,0,0,0,0,0,0,0,0,0,0,0,16665837568,4294963200,1131606016,0
1000,1745247177811,13429.612884521484,2200,2,0.84375,7284.851135253906,2200,2,0.84375,6051.432113647461,2200,2,0.84375,5990.420150756836,2200,2,0.84375,18827.862838745117,2200,2,0.84375,5379.307708740234,2200,2,0.84375,4983.391403198242,2200,2,0.84375,5967.723770141602,2200,2,0.85,61908.19909667969,2128,2094,2128,3182,1890,3188,1935,2195,2115,2015,1992,2195,1886,2128,2176,1896,0,0,0,0,0,0,0,0,0,0,0,0,0,0,0,0,16665837568,4294963200,1131606016,0
1000,1745247178811,13429.6142578125,2133.333333333333,2,0.8875,7284.854690551758,3200,1,0.8875,6051.434158325195,2133.333333333333,2,0.8875,5990.421493530273,2133.333333333333,2,0.8875,18827.86407470703,2200,2,0.8875,5379.309463500977,2200,2,0.8875,4983.392593383789,2200,2,0.8875,5967.725479125977,2200,2,0.8875,61914.16227722168,2128,2094,2128,3182,1890,3188,1935,2195,2115,2015,1992,2195,1886,2128,2176,1896,0,0,0,0,0,0,0,0,0,0,0,0,0,0,0,0,16665837568,4294963200,1131606016,0
1000,1745247179812,13429.615997314453,2200,2,0.84375,7284.862808227539,2200,2,0.84375,6051.436492919922,2200,2,0.84375,5990.422912597656,2200,2,0.84375,18827.86753845215,2200,2,0.84375,5379.311279296875,2200,2,0.84375,4983.396682739258,2200,2,0.88125,5967.729690551758,2200,2,0.88125,61920.212829589844,2128,2094,2128,3182,1890,3188,1935,2195,2115,2015,1992,2195,1886,2128,2176,1896,0,0,0,0,0,0,0,0,0,0,0,0,0,0,0,0,16665837568,4294963200,1131606016,0
1000,1745247180812,13429.61882019043,2200,2,0.85,7284.8692626953125,2200,2,0.85,6051.439071655273,2200,2,0.85,5990.424697875977,2200,2,0.85,18827.87725830078,2200,2,0.85,5379.313827514648,2200,2,0.85,4983.403106689453,2200,2,0.85,5967.736114501953,2200,2,0.85,61926.264068603516,2128,2094,2128,3182,1890,3188,1935,2195,2115,2015,1992,2195,1886,2128,2176,1896,0,0,0,0,0,0,0,0,0,0,0,0,0,0,0,0,16665837568,4294963200,1131606016,0
1000,1745247181813,13429.620101928711,2200,2,0.84375,7284.874328613281,2200,2,0.84375,6051.441055297852,2200,2,0.84375,5990.426025390625,2200,2,0.84375,18827.879440307617,2200,2,0.88125,5379.315643310547,2200,2,0.88125,4983.404876708984,2200,2,0.88125,5967.737731933594,2200,2,0.88125,61932.26258850098,2128,2094,2128,3182,1890,3188,1935,2195,2115,2015,1992,2195,1886,2128,2176,1896,0,0,0,0,0,0,0,0,0,0,0,0,0,0,0,0,16665837568,4294963200,1131347968,0
1000,1745247182813,13429.621826171875,2133.333333333333,2,0.91875,7284.881454467773,3200,1,0.91875,6051.443099975586,2133.333333333333,2,0.91875,5990.427658081055,2133.333333333333,2,0.91875,18827.88102722168,2200,2,0.9625,5379.317565917969,2200,2,0.9625,4983.406402587891,2200,2,0.9625,5967.739898681641,2200,2,0.9625,61938.23403930664,2128,2094,2128,3182,1890,3188,1935,2195,2115,2015,1992,2195,1886,2128,2176,1896,0,0,0,0,0,0,0,0,0,0,0,0,0,0,0,0,16665837568,4294963200,1131347968,0
1000,1745247183814,13429.623840332031,2200,2,0.825,7284.88720703125,2200,2,0.825,6051.447540283203,2200,2,0.825,5990.430267333984,2200,2,0.825,18827.885299682617,2200,2,0.85,5379.323303222656,2200,2,0.85,4983.412902832031,2200,2,0.85,5967.743667602539,2200,2,0.85,61944.324447631836,2128,2094,2128,3182,1890,3188,1935,2195,2115,2015,1992,2195,1886,2128,2176,1896,0,0,0,0,0,0,0,0,0,0,0,0,0,0,0,0,16665837568,4294963200,1131347968,0
1000,1745247184814,13429.62678527832,2133.333333333333,2,0.91875,7284.896392822266,3200,1,0.91875,6051.450378417969,2133.333333333333,2,0.95625,5990.43278503418,2133.333333333333,2,0.95625,18827.887649536133,2200,2,0.95625,5379.327453613281,2200,2,0.95625,4983.415557861328,2200,2,0.95625,5967.747116088867,2200,2,0.95625,61950.383697509766,2128,2094,2128,3182,1890,3188,1935,2195,2115,2015,1992,2195,1886,2128,2176,1896,0,0,0,0,0,0,0,0,0,0,0,0,0,0,0,0,16665837568,4294963200,1131347968,0
1,1745247185815,13429.629211425781,2200,2,0.81875,7284.903732299805,2200,2,0.81875,6051.453262329102,2200,2,0.81875,5990.435607910156,2200,2,0.85,18827.89064025879,2200,2,0.85,5379.330841064453,2200,2,0.85,4983.4219970703125,2200,2,0.85,5967.752182006836,2200,2,0.85,61956.441970825195,2128,2094,2128,3182,1890,3188,1935,2195,2115,2015,1992,2195,1886,2128,2176,1896,0,0.9900990128517151,0,0,0,0,0,0,0,0,0,0,0,0,0,0,16665837568,4294963200,1131347968,0
